WSTNID,WXSTN_NUM,WX_YEAR,WX_DATE,TEMP,REL_HUM,WIND_DIR,WIND_SPEED,RAIN,FFMC,DMC,DC,ISI,BUI,FWI,DSR,OBS_TYPE
ID1,110,2019,2019-05-19,14.3,36,13,14.5,0,87.7978,8.5947,19.978,4.8459,8.5606,4.8316,,A
ID1,110,2019,2019-05-20,15.5,35,287,12.3,0,88.1055,8.8406,20.194,4.7384,8.7982,4.7909,,A
ID1,110,2019,2019-05-21,19.8,25,260,11.9,0,91.2832,12.9673,26.162,7.3641,12.8649,8.8102,,A
ID1,110,2019,2019-05-22,20.1,26,75,17.2,0,91.843,17.0974,32.184,9.3681,16.959,12.3213,,A
ID1,110,2019,2019-05-23,13.4,26,48,13.7,0,91.8477,19.9222,37,8.4415,19.7747,12.2343,,E
ID1,110,2019,2019-05-24,18.8,40,170,13.5,0,90.8778,23.0656,42.788,7.3102,22.9141,11.7534,,A
ID1,110,2019,2019-05-25,6,82,301,21.6,0,83.9231,23.4021,46.272,3.5068,23.2823,6.2625,,A
ID1,110,2019,2019-05-26,9.7,33,326,9.7,0.5,86.9665,25.3071,50.422,3.7185,25.1895,6.9385,,A
ID1,110,2019,2019-05-27,16.7,19,207,18.5,0,91.7323,29.1029,55.832,9.6017,28.9616,16.38,,A
ID1,110,2019,2019-05-28,18.3,29,281,15.7,0,91.737,32.7291,61.53,8.8193,32.5724,16.3087,,A
ID1,110,2019,2019-05-29,19,21,296,16.5,0,92.7048,36.9095,67.354,10.3679,36.73,19.5364,,A
ID1,110,2019,2019-05-30,11.9,34,75,13.2,0,91.39,39.1683,71.9,7.7844,38.9884,16.2928,,A
ID1,110,2019,2019-05-31,11.8,36,304,11.8,0.3,90.6005,41.3418,76.428,6.6813,41.1623,14.9296,,A
ID1,110,2019,2019-06-01,7.6,49,334,8.5,0.3,88.6297,42.5099,81.2,4.5541,42.3478,11.2055,,A
ID1,110,2019,2019-06-02,10.3,46,310,8.3,0.3,88.255,44.1306,86.458,4.2939,43.9813,10.9142,,A
ID1,110,2019,2019-06-03,15.5,31,123,15.3,0,89.6549,47.146,92.652,6.4867,46.9942,15.6726,,A
ID1,110,2019,2019-06-04,13,49,47,15.4,0,88.4975,49.0391,98.396,5.4939,48.8976,14.0992,,A
ID1,110,2019,2019-06-05,21.6,32,328,11.3,0,90.456,53.1029,105.688,6.4465,52.9501,16.633,,A
ID1,110,2019,2019-06-06,20.5,32,290,14.8,0.3,90.711,56.9698,112.782,7.4319,56.8071,19.1835,,A
ID1,110,2019,2019-06-07,20.6,44,56,14.2,0,90.215,60.169,119.894,6.7851,60.0056,18.4738,,A
ID1,110,2019,2019-06-08,21.8,81,190,12.6,3.3,62.1444,46.8619,123.3385,0.6788,48.0668,1.4457,,A
ID1,110,2019,2019-06-09,14,59,266,13.3,4.8,53.9606,32.9579,122.0557,0.3787,39.3514,0.5384,,A
ID1,110,2019,2019-06-10,15,31,261,19.2,0.3,79.0911,35.8825,128.1597,1.8542,42.2158,4.971,,A
ID1,110,2019,2019-06-11,10.5,68,276,11.2,2,66.4062,33.2416,133.4537,0.7794,40.9702,1.5291,,A
ID1,110,2019,2019-06-12,16,35,303,13,0.3,82.4351,36.1678,139.7377,2.2277,43.9179,6.1204,,A
ID1,110,2019,2019-06-13,20.2,51,329,7.2,8.1,58.5705,21.9553,131.8376,0.4622,31.003,0.558,,A
ID1,110,2019,2019-06-14,15.1,34,12,18.1,0,80.0871,24.7701,137.9596,1.9875,34.1925,4.5933,,A
ID1,110,2019,2019-06-15,18,28,45,11.2,0,88.3805,28.3905,144.6036,4.763,38.0868,10.9429,,A
ID1,110,2019,2019-06-16,21.1,22,57,11.8,0,92.1395,32.9492,151.8056,8.3145,42.7185,17.9477,,A
ID1,110,2019,2019-06-17,21.6,30,8,10.1,0,92.1442,37.1325,159.0976,7.9111,46.8997,18.1623,,A
ID1,110,2019,2019-06-18,20.8,30,93,16,0,92.1489,41.1684,166.2456,9.4432,50.8537,21.5351,,A
ID1,110,2019,2019-06-19,24.3,24,93,13.3,0,92.9666,46.2505,174.0236,9.7737,55.5752,23.0892,,A
ID1,110,2019,2019-06-20,24.2,30,350,7.3,0,92.9713,50.9129,181.7836,8.1576,59.891,21.0974,,A
ID1,110,2019,2019-06-21,27.7,21,65,6.8,0,94.1592,56.9027,190.1736,9.4804,65.1047,24.4971,,A
ID1,110,2019,2019-06-22,22.6,34,118,17,0,92.7295,61.0207,197.6456,10.5623,68.8782,27.1669,,A
ID1,110,2019,2019-06-23,21.9,54,141,16.5,4.6,70.5606,43.913,196.8539,1.0491,56.3824,3.3358,,A
ID1,110,2019,2019-06-24,24,40,192,6.9,0,85.1587,47.8778,204.5779,2.6481,60.4106,8.7973,,A
ID1,110,2019,2019-06-25,24.9,52,241,6.2,0,87.1414,51.1634,212.4639,3.4295,63.8734,11.3002,,A
ID1,110,2019,2019-06-26,19.8,75,309,14.5,20.3,44.7983,22.5677,170.4015,0.1236,33.9085,0.1585,,A
ID1,110,2019,2019-06-27,21.4,47,298,13.6,1,73.2456,25.7071,177.6575,1.0633,37.756,2.3485,,A
ID1,110,2019,2019-06-28,22.6,41,303,13.9,0,85.8912,29.3883,185.1295,3.6233,42.0777,9.2273,,A
ID1,110,2019,2019-06-29,24.2,36,79,9.5,0,89.6921,33.6511,192.8895,5.467,46.8631,13.7199,,A
ID1,110,2019,2019-06-30,28.4,21,247,22,1.3,92.1123,39.7865,201.4055,11.263,53.2667,24.9652,,A
ID1,110,2019,2019-07-01,25.2,29,234,14.5,0,92.1728,44.172,209.6455,9.055,57.8642,22.3289,,A
ID1,110,2019,2019-07-02,19.2,76,244,10.7,6.4,52.4854,27.5903,203.5878,0.3007,41.2164,0.4415,,A
ID1,110,2019,2019-07-03,21.2,44,237,15.4,0,78.985,30.5232,211.1078,1.6348,44.8388,4.5594,,A
ID1,110,2019,2019-07-04,23.3,34,228,16.3,0,88.738,34.3053,219.0058,5.8614,49.3033,14.8883,,A
ID1,110,2019,2019-07-05,17.2,48,288,17.2,0,88.7425,36.5402,225.8058,6.0149,52.0311,15.6368,,A
ID1,110,2019,2019-07-06,21.7,34,154,9.8,0,90.1834,40.0743,233.4158,5.9251,56.0787,16.1022,,A
ID1,110,2019,2019-07-07,24.7,41,218,12.4,0,90.188,43.6493,241.5658,6.3945,60.134,17.7029,,A
ID1,110,2019,2019-07-08,19.6,85,175,11.7,6.6,45.94,26.5368,233.9251,0.135,41.3473,0.1986,,A
ID1,110,2019,2019-07-09,26.1,53,44,8.4,0,75.9026,29.5392,242.3271,1.0393,45.2796,2.7107,,A
ID1,110,2019,2019-07-10,23.9,33,345,17.5,0,88.578,33.473,250.3331,5.9341,50.1737,15.1735,,A
ID1,110,2019,2019-07-11,22.3,49,179,12.1,0,88.5826,36.2758,258.0511,5.0537,53.6846,13.9167,,A
ID1,110,2019,2019-07-12,18.8,62,310,15,1.3,80.188,38.0518,265.1391,1.8254,56.0083,5.9702,,A
ID1,110,2019,2019-07-13,25.8,32,266,12.8,0,89.8424,42.3477,273.4871,6.1784,61.059,17.3991,,A
ID1,110,2019,2019-07-14,28.6,45,114,6.2,0,89.847,46.1841,282.3391,5.0539,65.5586,15.5537,,A
ID1,110,2019,2019-07-15,20,89,154,0,17,22.2887,20.3756,241.4671,0.0003,33.6521,0.0004,,A
ID1,110,2019,2019-07-16,22,39,312,0,5.6,43.5191,15.5237,237.1514,0.0649,26.6811,0.0709,,A
ID1,110,2019,2019-07-17,26.1,40,116,7.7,0,78.4839,19.3566,245.5534,1.2385,32.3399,2.5072,,A
ID1,110,2019,2019-07-18,22.7,69,346,2.2,11.7,43.9795,10.8406,223.7647,0.0747,19.339,0.0663,,A
ID1,110,2019,2019-07-19,22,64,255,4.8,33.5,38.8993,6.2642,149.1184,0.0324,11.3377,0.021,,A
ID1,110,2019,2019-07-20,17.5,55,344,7.3,10.9,43.5085,4.614,134.3424,0.0809,8.4983,0.0448,,E
ID1,110,2019,2019-07-21,22.9,34,266,7,0,77.2972,8.3341,142.1684,1.1002,14.5377,0.8206,,A
ID1,110,2019,2019-07-22,16.9,80,222,4.4,0.3,78.9608,9.1796,148.9144,1.1696,15.9077,0.9206,,A
ID1,110,2019,2019-07-23,29,36,250,5.9,0,89.3096,13.7039,157.8384,4.632,22.5197,7.9222,,A
ID1,110,2019,2019-07-24,29.1,34,194,5,0,91.4256,18.385,166.7804,6.112,28.826,11.4885,,A
ID1,110,2019,2019-07-25,26.9,55,166,8.7,0,89.5995,21.3442,175.3264,5.2607,32.7277,10.9009,,A
ID1,110,2019,2019-07-26,24,50,173,6.1,0,89.5733,24.2916,183.3504,4.8594,36.4953,10.8584,,A
ID1,110,2019,2019-07-27,22.4,65,291,5.3,0,87.3794,26.2233,191.0864,3.4596,39.0494,8.4776,,E
ID1,110,2019,2019-07-28,31.1,29,180,8.1,0,92.5133,31.5926,200.3884,7.8446,45.3219,17.7293,,A
ID1,110,2019,2019-07-29,15.7,53,318,10.6,0.8,85.6441,33.447,206.9184,3.1807,47.6416,8.8955,,A
ID1,110,2019,2019-07-30,20.3,39,324,4.2,0,88.2986,36.5128,214.2764,3.8095,51.2101,10.809,,A
ID1,110,2019,2019-07-31,25,34,181,6.9,0,90.5829,40.5584,222.4804,5.7295,55.7216,15.6437,,E
ID1,110,2019,2019-08-01,25.6,52,314,5.8,0,89.7393,43.2042,230.0924,4.9265,58.8043,14.3565,,A
ID1,110,2019,2019-08-02,24.2,53,106,11,0,89.2186,45.659,237.4524,5.3449,61.6715,15.6898,,A
ID1,110,2019,2019-08-03,29.1,39,172,6.6,0,90.5999,49.4621,245.6944,5.703,65.8052,17.0709,,E
ID1,110,2019,2019-08-04,26.5,45,296,18.5,2.5,82.3793,44.6973,253.4684,2.6125,62.0427,8.8415,,A
ID1,110,2019,2019-08-05,21.1,50,321,18.9,1.5,81.1405,46.9888,260.2704,2.2765,64.7521,8.0568,,A
ID1,110,2019,2019-08-06,19.4,72,220,12.2,0,82.5232,48.1738,266.7664,2.1962,66.3798,7.9311,,A
ID1,110,2019,2019-08-07,17.6,56,273,17,7.6,59.1497,28.9075,254.0694,0.6476,45.0117,1.0913,,A
ID1,110,2019,2019-08-08,14.8,79,319,20.4,12.2,37.8131,13.7462,228.1185,0.0416,23.893,0.0423,,A
ID1,110,2019,2019-08-09,19.4,53,326,14.7,0.5,69.3633,15.7353,234.6145,0.9551,26.9516,1.2517,,A
ID1,110,2019,2019-08-10,22.3,45,266,13.4,0,84.0356,18.3923,241.6325,2.7725,30.9038,5.9841,,A
ID1,110,2019,2019-08-11,20.3,42,315,17.1,0,87.7723,20.9547,248.2905,5.2231,34.6076,11.1801,,A
ID1,110,2019,2019-08-12,21.2,30,333,13.1,0,90.6016,24.1773,255.1105,6.9572,39.0925,14.9816,,A
ID1,110,2019,2019-08-13,20.5,38,353,13.8,0,90.6062,26.942,261.8045,7.1036,42.8579,15.9828,,A
ID1,110,2019,2019-08-14,22.7,34,278,14.2,0,90.7194,30.1849,268.8945,7.2924,47.1403,17.1439,,A
ID1,110,2019,2019-08-15,23.4,51,186,12.9,0,89.5945,32.6633,276.1105,5.9746,50.4162,15.2927,,A
ID1,110,2019,2019-08-16,23.5,44,235,13.3,4.3,74.3205,25.0344,274.4196,1.1061,40.7704,2.6703,,A
ID1,110,2019,2019-08-17,22.4,58,274,10.6,0,82.884,27.072,281.4556,2.1965,43.6482,6.0135,,A
ID1,110,2019,2019-08-18,18.8,41,267,12.7,0,87.2465,29.4959,287.8436,4.2373,46.9612,11.2125,,A
ID1,110,2019,2019-08-19,17.9,56,272,14.8,0.3,87.251,31.2218,294.0696,4.5271,49.3458,12.1682,,A
ID1,110,2019,2019-08-20,17.4,46,288,17.5,0,87.5308,33.2842,300.2056,5.1072,52.1215,13.8018,,A
ID1,110,2019,2019-08-21,11.9,81,9,18.6,1,77.8804,33.7941,305.3516,1.6367,52.9405,5.154,,A
ID1,110,2019,2019-08-22,17.4,52,136,8.2,0.8,81.268,35.6273,311.4876,1.6733,55.4104,5.4437,,A
ID1,110,2019,2019-08-23,22.8,38,215,16.2,0,88.341,38.6864,318.5956,5.509,59.3546,15.7193,,A
ID1,110,2019,2019-08-24,24,56,193,17.6,4.8,71.0811,27.8481,314.2434,1.1058,45.5948,2.955,,A
ID1,110,2019,2019-08-25,19.1,75,205,13.5,0.3,77.8351,28.8907,320.6854,1.3976,47.1597,4.0026,,A
ID1,110,2019,2019-08-26,17.9,90,190,10.1,19,26.5069,11.6784,267.8598,0.0017,21.0612,0.0016,,A
ID1,110,2019,2019-08-27,9.7,95,320,13.2,19,8.4702,5.0727,220.4084,0,9.5934,0,,A
ID1,110,2019,2019-08-28,9.7,91,302,19.3,24.6,12.1215,2.0239,164.5871,0,3.927,0,,A
ID1,110,2019,2019-08-29,10,88,293,14.3,0.5,25.8597,2.2989,169.3911,0.0016,4.4469,0.0006,,A
ID1,110,2019,2019-08-30,15.7,47,307,16.4,1.3,59.3365,4.1371,175.2211,0.6426,7.813,0.3408,,A
ID1,110,2019,2019-08-31,19.7,40,255,16.2,0,81.3202,6.7135,181.7711,2.144,12.2921,2.3066,,A
ID1,110,2019,2019-09-01,10.8,89,22,13.6,0,79.7189,6.9465,185.4191,1.6701,12.7033,1.5621,,A
ID1,110,2019,2019-09-02,14.2,33,307,8,0,86.2723,8.7715,189.6791,3.2046,15.7251,4.4809,,A
ID1,110,2019,2019-09-03,15.7,35,97,8.7,0,88.4414,10.7157,194.2091,4.455,18.8334,6.9045,,A
ID1,110,2019,2019-09-04,12.3,92,263,2.5,2.8,51.8696,7.9118,198.1271,0.2198,14.3872,0.1629,,A
ID1,110,2019,2019-09-05,15.7,45,83,13.3,0.3,74.7391,9.5569,202.6571,1.1302,17.098,0.9294,,A
ID1,110,2019,2019-09-06,13.1,79,299,13.4,1.3,69.3029,10.0878,206.7191,0.9175,17.9818,0.7782,,A
ID1,110,2019,2019-09-07,12.2,66,38,5,0,75.9596,10.8929,210.6191,0.9431,19.2915,0.8358,,A
ID1,110,2019,2019-09-08,13.5,63,200,11.8,0,80.676,11.8547,214.7531,1.7468,20.8341,2.6995,,A
ID1,110,2019,2019-09-09,12.1,88,97,10.8,2.3,57.552,9.7166,218.6351,0.4788,17.4899,0.3992,,A
ID1,110,2019,2019-09-10,9.7,85,46,13.2,0.8,61.5783,10.005,222.0851,0.6693,17.9845,0.5678,,A
ID1,110,2019,2019-09-11,13.9,61,119,8.5,0,73.9918,11.0465,226.2911,0.9406,19.6901,0.8443,,A
ID1,110,2019,2019-09-12,15.3,43,124,17.2,0,83.679,12.7108,230.7491,2.9664,22.3445,5.1843,,A
ID1,110,2019,2019-09-13,8.4,94,27,11.7,11.9,23.7407,5.9982,204.8823,0.0007,11.1782,0.0005,,A
ID1,110,2019,2019-09-14,17,50,197,12.8,2.8,53.227,5.4545,209.6463,0.3468,10.2428,0.2119,,A
ID1,110,2019,2019-09-15,21,57,205,12.9,0,75.5142,7.1464,215.1303,1.1628,13.1968,0.8194,,A
ID1,110,2019,2019-09-16,25.7,45,124,14.9,0,86.6969,9.7707,221.4603,4.1924,17.6001,6.2733,,A
ID1,110,2019,2019-09-17,28,59,152,16.2,0,87.0393,11.8948,228.2043,4.5733,21.0471,7.5357,,A
ID1,110,2019,2019-09-18,21,92,154,8.6,0,80.6505,12.2096,233.6883,1.5813,21.598,2.4318,,A
ID1,110,2019,2019-09-19,11.2,92,310,7,2.8,49.6118,9.1473,237.4083,0.1933,16.6872,0.1566,,A
ID1,110,2019,2019-09-20,15,87,154,25.4,0.3,61.5144,9.5199,241.8123,0.9626,17.3338,0.7983,,A
ID1,110,2019,2019-09-21,18,91,322,11.3,22.3,22.0127,4.2206,189.0172,0.0004,7.9949,0.0002,,A
ID1,110,2019,2019-09-22,12.2,76,289,7.4,1,39.229,4.7889,192.9172,0.0373,9.0181,0.0213,,A
ID1,110,2019,2019-09-23,19.5,53,214,14.1,0,69.9423,6.5126,198.1312,0.9563,12.0362,0.6393,,E
ID1,110,2019,2019-09-24,16.5,45,274,14.7,1,79.1093,8.236,202.8052,1.6228,14.9538,1.7739,,A
ID1,110,2019,2019-09-25,8,90,310,12,0.8,73.7612,8.398,205.9492,1.0344,15.2422,0.7935,,A
ID1,110,2019,2019-09-26,10.3,70,260,13.4,0.3,78.1105,9.0069,209.5072,1.423,16.2656,1.5167,,A
ID1,110,2019,2019-09-27,6.5,53,308,11.1,1.3,73.6031,9.6428,212.3812,1.0014,17.3197,0.83,,A
ID1,110,2019,2019-09-28,5.1,44,300,16.7,0,80.5152,10.2609,215.0032,1.9884,18.3344,2.8782,,A
ID1,110,2019,2019-09-29,7.1,41,70,9,0,84.0789,11.1222,217.9852,2.4413,19.728,3.8807,,A
ID1,110,2019,2019-09-30,4.5,69,71,19.5,1.3,73.7708,11.4313,220.4992,1.2982,20.2394,1.6558,,A
ID1,110,2019,2019-10-01,3.4,83,44,5.6,11.9,25.7567,5.3758,193.4427,0.0012,10.0532,0.0007,,E
ID1,110,2019,2019-10-02,3.5,72,240,3.2,6.3,21.9114,2.6452,182.3323,0.0003,5.1053,0.0001,,A
ID1,110,2019,2019-10-03,7.2,57,11,7.4,0,44.7763,3.186,184.3323,0.0993,6.108,0.0468,,A
ID1,110,2019,2019-10-04,9.4,57,192,16.5,0,65.1598,3.8701,186.7283,0.874,7.3589,0.4498,,A
ID1,110,2019,2019-10-05,6.1,81,152,10.1,0,69.9232,4.0774,188.5303,0.8469,7.7365,0.4469,,A
ID1,110,2019,2019-10-06,6.8,86,298,12.5,11.2,27.6536,1.6349,165.9148,0.0026,3.1912,0.0009,,A
ID1,110,2019,2019-10-07,10.7,55,279,13.5,2.8,46.4004,1.289,168.5448,0.1526,2.5296,0.0508,,A
ID1,110,2019,2019-10-08,18.3,39,209,20.3,0,76.9632,3.0821,172.5428,1.6042,5.9007,0.743,,A
ID1,110,2019,2019-10-09,2.1,87,28,16.6,0,76.9674,3.1451,173.6248,1.4348,6.0177,0.6706,,A
ID1,110,2019,2019-10-10,0.2,94,43,13,1,67.9371,3.1569,174.3648,0.8678,6.0404,0.4063,,A
ID1,110,2019,2019-10-11,0.3,95,280,15.3,1.5,54.403,3.1675,175.1228,0.4193,6.0609,0.1966,,A
ID1,110,2019,2019-10-12,5.6,81,47,5.7,36.1,18.2656,1.0525,97.6978,0.0001,2.0499,0,,E
ID1,110,2019,2019-10-13,3.2,90,337,9.6,16.3,9.9574,0.0652,69.2985,0,0.13,0,,A
ID1,110,2019,2019-10-14,4.6,83,213,1.4,13.9,9.8207,0.1468,47.4912,0,0.2914,0,,A
ID1,110,2019,2019-10-15,2.4,91,359,11.5,2,14.8135,0.0477,48.6272,0,0.0952,0,,A
ID1,110,2019,2019-10-16,2.2,76,103,6.9,0,28.703,0.1677,49.7272,0.0029,0.3326,0.0007,,A
ID1,110,2019,2019-10-17,6.1,58,157,15.8,0.3,51.9104,0.6259,51.5292,0.33,1.2149,0.0902,,A
ID1,110,2019,2019-10-18,8.7,64,158,14.7,0,66.9535,1.1605,53.7992,0.884,2.2022,0.2816,,A
ID1,110,2019,2019-10-19,6,94,253,14.2,3.8,35.9369,0.0995,51.363,0.0231,0.198,0.005,,A
ID1,110,2019,2019-10-20,5.1,93,172,9.6,0,41.1561,0.1653,52.985,0.0576,0.328,0.013,,A
ID1,110,2019,2019-10-21,3.4,97,34,11.3,0.3,43.273,0.1858,54.301,0.0877,0.3684,0.02,,A
ID1,110,2019,2019-10-22,0.7,94,354,11.5,4.8,21.5824,0.0164,49.058,0.0003,0.0327,0.0001,,A
ID1,110,2019,2019-10-23,-1.3,85,332,22.7,2.5,25.7334,0,49.564,0.0019,0,0.0004,,A
ID1,110,2019,2019-10-24,1.4,53,284,9.9,0.3,45.6903,0.178,50.52,0.1233,0.353,0.028,,A
ID1,110,2019,2019-10-25,4.7,66,225,11.9,0,60.0095,0.4768,52.07,0.587,0.9323,0.1521,,A
ID1,110,2019,2019-10-26,12.2,57,221,17,0,74.6553,1.3433,54.97,1.2571,2.532,0.4183,,A
ID1,110,2019,2019-10-27,1.2,86,291,14.1,0.5,75.3595,1.3921,55.89,1.1997,2.621,0.4037,,A
ID1,110,2019,2019-10-28,-1.3,74,258,13.1,0.5,76.9363,1.3921,56.396,1.2904,2.6224,0.4343,,A
ID1,110,2019,2019-10-29,-3.7,71,259,16.1,0,78.0667,1.3921,56.596,1.5414,2.6229,0.5188,,A
ID1,110,2019,2019-10-30,-4,81,268,10.5,0,78.071,1.3921,56.796,1.3018,2.6234,0.4382,,A
ID1,110,2019,2019-10-31,-1.6,64,184,14.5,0,79.5166,1.3921,57.302,1.6783,2.6248,0.565,,A
ID2,111,2019,2019-05-25,12.4,93,183,14.2,0.3,66.7034,6.2488,19.636,1.1494,6.9602,0.5756,,E
ID2,111,2019,2019-05-26,16.4,49,329,18.4,2,73.4057,6.985,20.356,1.79,7.5194,0.9312,,E
ID2,111,2019,2019-05-27,12.3,29,335,7.9,0,84.5476,9.4897,24.974,2.9496,9.7332,2.9781,,A
ID2,111,2019,2019-05-28,18.7,26,220,9.5,0,90.1927,13.3471,30.744,7.1131,13.3078,8.696,,A
ID2,111,2019,2019-05-29,17.4,46,304,13.9,0,89.4185,15.9771,36.28,7.9461,15.9303,10.4509,,A
ID2,111,2019,2019-05-30,11.4,45,336,16.1,0,88.6822,17.7871,40.736,7.9872,17.7439,11.0788,,A
ID2,111,2019,2019-05-31,11.3,51,316,10,0,87.7741,19.3867,45.174,5.1565,19.3517,7.9993,,A
ID2,111,2019,2019-06-01,16.7,41,271,12.3,0,88.2557,22.1515,51.584,6.2038,22.1155,10.0829,,E
ID2,111,2019,2019-06-02,6.5,92,317,18.6,1.8,64.8856,20.4858,56.158,1.3402,21.429,1.8717,,E
ID2,111,2019,2019-06-03,11,41,349,21.7,4.6,63.278,15.0978,55.8115,1.4609,18.0134,1.7991,,A
ID2,111,2019,2019-06-04,17.9,29,284,15.7,0,84.8005,18.6493,62.4375,4.5229,21.3535,7.523,,A
ID2,111,2019,2019-06-05,18.1,38,43,9,0,88.119,21.7832,69.0995,5.1514,24.3645,9.0851,,A
ID2,111,2019,2019-06-06,18.5,31,295,6.8,0,90.0368,25.3436,75.8335,6.0712,27.6149,11.1636,,A
ID2,111,2019,2019-06-07,20.3,26,330,12.3,0.3,91.6598,29.5127,82.8915,10.096,31.2287,17.6616,,A
ID2,111,2019,2019-06-08,27.3,23,188,11.4,0,93.6047,35.2698,91.2095,12.6815,35.8665,22.3164,,A
ID2,111,2019,2019-06-09,29,15,197,14.8,0,95.8031,42.0055,99.8335,20.3614,41.975,33.2978,,A
ID2,111,2019,2019-06-10,15.1,98,160,15.9,6.6,31.9687,24.8328,95.4626,0.013,30.0944,0.0153,,A
ID2,111,2019,2019-06-11,16.6,50,290,15.4,32.3,48.8175,11.2286,42.638,0.3073,13.5417,0.2198,,A
ID2,111,2019,2019-06-12,11.8,94,192,7.3,2.5,36.4138,8.7601,48.166,0.0241,12.044,0.0161,,E
ID2,111,2019,2019-06-13,13.8,94,57,8.5,14.2,14.1104,4.0255,31.3604,0,6.0951,0,,A
ID2,111,2019,2019-06-14,18.4,55,295,12.9,42.7,46.599,3.5775,6.716,0.2001,3.446,0.0741,,A
ID2,111,2019,2019-06-15,13.3,72,265,13.7,5.3,45.7846,2.504,6.2988,0.1848,2.5117,0.0613,,E
ID2,111,2019,2019-06-16,17,49,358,6.1,0.5,71.0986,4.9342,12.7628,0.882,5.0182,0.38,,A
ID2,111,2019,2019-06-17,22,29,240,5.7,0,87.0214,9.252,20.1268,3.7289,9.1866,3.7929,,A
ID2,111,2019,2019-06-18,22.1,42,358,8.9,0,88.6949,12.7945,27.5088,5.567,12.7224,6.8259,,A
ID2,111,2019,2019-06-19,19.9,42,350,3.5,3.3,72.02,12.0615,31.4091,0.7993,12.3074,0.5411,,A
ID2,111,2019,2019-06-20,19.5,44,32,12.1,0,84.4516,15.0985,38.3231,3.5976,15.213,4.9496,,A
ID2,111,2019,2019-06-21,19,48,27,15.1,0,86.8593,17.8502,45.1471,5.8517,17.9539,8.5788,,A
ID2,111,2019,2019-06-22,22.2,40,337,12.9,0,89.0453,21.5307,52.5471,7.1616,21.5185,11.1875,,A
ID2,111,2019,2019-06-23,26.2,30,26,10.3,0,91.7425,26.5617,60.6671,9.2356,26.5143,15.2128,,A
ID2,111,2019,2019-06-24,25.7,39,149,12.7,0,91.7472,30.8656,68.6971,10.4299,30.8023,17.9683,,A
ID2,111,2019,2019-06-25,19.4,87,228,16,8.9,44.9573,16.3056,61.5452,0.183,19.6176,0.1639,,A
ID2,111,2019,2019-06-26,22.7,65,222,11.2,4.1,59.7984,12.9198,64.1677,0.7106,17.1879,0.5863,,A
ID2,111,2019,2019-06-27,26.3,42,299,10.4,5.1,73.5937,11.7987,65.5161,1.2062,16.2716,0.9624,,A
ID2,111,2019,2019-06-28,26.4,47,217,9,0,86.173,15.6358,73.6721,3.9049,20.4311,6.4055,,A
ID2,111,2019,2019-06-29,23.1,52,326,14.6,0,87.2721,18.6939,81.2341,6.0515,23.7336,10.2583,,A
ID2,111,2019,2019-06-30,21.5,55,341,10.1,0.3,87.2766,21.3713,88.5081,4.8269,26.6533,9.0374,,A
ID2,111,2019,2019-07-01,24.6,52,246,12.6,0,87.6792,24.2685,96.6401,5.799,29.8174,11.2126,,E
ID2,111,2019,2019-07-02,27.7,33,316,8.1,0,91.2471,28.8003,105.3301,7.705,34.2133,15.099,,A
ID2,111,2019,2019-07-03,31.1,27,299,11.2,0,93.4171,34.3208,114.6321,12.2303,39.2575,22.7355,,A
ID2,111,2019,2019-07-04,32.7,32,181,14.3,0,93.4218,39.7187,124.2221,14.3076,44.1479,26.8637,,A
ID2,111,2019,2019-07-05,22.4,87,205,3.6,2.6,62.2867,33.6104,131.9581,0.559,41.0693,0.8186,,E
ID2,111,2019,2019-07-06,20.5,46,3,13.9,4.3,69.3017,25.5766,133.1068,1.2326,34.5542,2.6485,,E
ID2,111,2019,2019-07-07,22.6,34,271,6.4,0,85.9549,29.2502,140.8788,3.322,38.5108,8.1127,,A
ID2,111,2019,2019-07-08,26.9,31,277,13.9,0,91.3779,33.7876,149.4248,10.5143,43.1709,21.4037,,E
ID2,111,2019,2019-07-09,28.4,34,236,9.5,0,91.6715,38.3603,158.2408,8.7819,47.7699,19.7925,,A
ID2,111,2019,2019-07-10,26.8,35,171,13.7,0,91.6762,42.6194,166.7688,10.859,52.0098,24.0464,,A
ID2,111,2019,2019-07-11,22.2,75,287,13.6,8.1,57.6124,24.6408,158.5048,0.6886,35.489,0.9113,,A
ID2,111,2019,2019-07-12,22.6,47,257,11.1,0.3,81.1557,27.5908,166.2768,2.2576,39.0022,5.7233,,A
ID2,111,2019,2019-07-13,23.9,59,287,7.7,0,85.1201,29.9981,174.2828,3.1579,41.9463,8.1764,,A
ID2,111,2019,2019-07-14,18,65,268,8.9,0,85.1246,31.5681,181.2268,3.3569,43.9827,8.876,,A
ID2,111,2019,2019-07-15,27.2,39,220,10.7,0,89.8134,35.6224,189.8268,7.1568,48.4941,17.161,,A
ID2,111,2019,2019-07-16,28.2,56,266,18.1,0,89.2953,38.6502,198.6068,9.6469,52.001,22.1157,,A
ID2,111,2019,2019-07-17,23.5,41,56,8.9,0,89.4969,42.0589,206.5408,6.2462,55.7409,16.6997,,A
ID2,111,2019,2019-07-18,26.4,50,178,15.3,0,89.5015,45.2882,214.9968,8.629,59.3315,21.856,,A
ID2,111,2019,2019-07-19,28.9,56,273,14.3,15.5,71.1864,23.0324,186.6257,1.3372,35.2032,2.9919,,A
ID2,111,2019,2019-07-20,29.2,44,308,16,0.5,87.8623,27.0174,195.5857,7.0654,40.1645,15.3787,,E
ID2,111,2019,2019-07-21,22.3,43,12,9.7,0,88.7552,30.1499,203.3037,5.8464,43.9904,13.9617,,A
ID2,111,2019,2019-07-22,24.1,39,277,11.8,0,89.8182,33.7601,211.3457,7.57,48.2512,17.8441,,A
ID2,111,2019,2019-07-23,17.5,61,335,15.6,0,87.2811,35.4637,218.1997,6.3724,50.4347,16.0625,,A
ID2,111,2019,2019-07-24,23.5,49,201,6.9,0,87.9237,38.4102,226.1337,4.5062,53.9227,12.7512,,A
ID2,111,2019,2019-07-25,27,37,231,6.7,0,90.4284,42.5679,234.6977,6.3889,58.5756,17.4434,,E
ID2,111,2019,2019-07-26,30.1,39,244,18,0,90.9845,47.0377,243.8197,12.2233,63.4658,28.8179,,A
ID2,111,2019,2019-07-27,20.3,87,194,17.2,2.3,67.2452,41.2644,251.1777,1.362,58.5017,4.5949,,E
ID2,111,2019,2019-07-28,26.9,56,278,9.6,5.3,69.6118,29.2939,248.3458,1.0023,45.2454,2.5802,,A
ID2,111,2019,2019-07-29,23.6,73,158,19,0,80.1808,30.8602,256.2978,3.019,47.44,8.4806,,A
ID2,111,2019,2019-07-30,19.5,76,300,11.2,14,46.7097,14.3013,226.6008,0.1866,24.7047,0.1937,,A
ID2,111,2019,2019-07-31,22,39,328,12.7,0,79.8591,17.6107,234.2648,2.1253,29.6492,4.4526,,A
ID2,111,2019,2019-08-01,24.3,39,294,12.9,0,88.4451,20.8094,241.6428,6.5703,34.2459,13.3537,,A
ID2,111,2019,2019-08-02,26.9,37,264,14.5,0,90.5911,24.4511,249.4888,9.6876,39.2785,19.2338,,A
ID2,111,2019,2019-08-03,20.9,41,356,13.3,0.2,90.5957,27.1308,256.2548,9.1253,42.9052,19.2603,,E
ID2,111,2019,2019-08-04,22.5,40,292,10.5,0,90.6004,30.054,263.3088,7.9297,46.764,18.1664,,A
ID2,111,2019,2019-08-05,24.6,54,244,14.2,0,89.2234,32.4946,270.7408,7.8443,49.9897,18.6617,,E
ID2,111,2019,2019-08-06,23.7,65,205,8.1,3.5,70.0315,25.7256,271.7274,0.9418,41.6042,2.1695,,A
ID2,111,2019,2019-08-07,26.9,55,189,9.9,0,84.1976,28.3268,279.5734,3.1117,45.2034,8.4517,,A
ID2,111,2019,2019-08-08,16.3,95,323,6.3,6.6,32.0838,16.3479,269.1861,0.0082,28.386,0.0094,,A
ID2,111,2019,2019-08-09,18.4,68,280,12.2,23.2,41.3463,7.9799,211.5091,0.0824,14.5842,0.0616,,A
ID2,111,2019,2019-08-10,18.1,59,310,13.2,3.3,59.3928,6.6981,212.8941,0.7656,12.4193,0.521,,A
ID2,111,2019,2019-08-11,23.5,62,272,7.3,1.3,73.4882,8.628,220.1281,1.0269,15.7159,0.8023,,A
ID2,111,2019,2019-08-12,23.8,36,294,17.5,5.3,77.0922,7.9721,216.8769,2.1175,14.6023,2.6076,,A
ID2,111,2019,2019-08-13,17.7,54,355,9.7,0,83.5367,9.7574,223.0669,2.8219,17.5912,4.2074,,A
ID2,111,2019,2019-08-14,18.2,61,317,12.3,0,84.71,11.3113,229.3469,3.764,20.1395,6.1334,,A
ID2,111,2019,2019-08-15,23.3,43,292,3.8,0,88.0621,14.1826,236.5449,3.9318,24.6676,7.2105,,A
ID2,111,2019,2019-08-16,23.9,45,198,9.1,0,88.7272,17.0212,243.8509,5.6495,28.9845,10.8065,,A
ID2,111,2019,2019-08-17,25,54,213,8.9,0,88.7318,19.4998,251.3549,5.5966,32.6644,11.4527,,A
ID2,111,2019,2019-08-18,18.1,95,194,8.6,0,79.3259,19.698,257.6169,1.6388,33.0737,3.6274,,A
ID2,111,2019,2019-08-19,22.4,35,299,17,0,88.7756,22.8515,264.6529,8.4706,37.5889,17.0317,,A
ID2,111,2019,2019-08-20,26.7,44,259,16.4,0,89.4393,26.0655,272.4629,9.0397,42.0694,18.9364,,A
ID2,111,2019,2019-08-21,22.7,62,303,6.5,3.5,69.5188,20.8762,273.2427,0.8548,35.0564,1.4787,,A
ID2,111,2019,2019-08-22,18.2,60,358,12.6,7.1,58.1034,13.1059,261.8979,0.6791,23.2971,0.6786,,A
ID2,111,2019,2019-08-23,14.4,73,349,10.4,2.5,57.5132,11.0558,267.4939,0.5816,20.0408,0.5279,,A
ID2,111,2019,2019-08-24,20.7,46,357,5.9,0,78.9029,13.4861,274.2239,1.3738,24.0191,2.1895,,A
ID2,111,2019,2019-08-25,24.2,49,197,10.2,0,86.3891,16.1499,281.5839,4.2767,28.2493,8.4156,,A
ID2,111,2019,2019-08-26,23.8,46,170,15.8,0,88.3263,18.9258,288.8719,7.4757,32.5244,14.3665,,A
ID2,111,2019,2019-08-27,16.3,96,161,16.4,0.5,78.3439,19.0695,294.8099,2.217,32.83,4.9966,,A
ID2,111,2019,2019-08-28,22.3,44,207,19,2.5,80.0587,18.1187,301.8279,2.9805,31.5087,6.489,,E
ID2,111,2019,2019-08-29,20.2,46,233,14,1.3,82.4736,20.4932,308.4679,3.0592,35.1487,7.1211,,A
ID2,111,2019,2019-08-30,14.9,66,276,15.2,3.8,63.4955,15.3413,306.214,1.0636,27.2674,1.6358,,A
ID2,111,2019,2019-08-31,18.8,46,282,10.5,7.1,61.6255,10.4998,293.4984,0.7642,19.2757,0.6769,,A
ID2,111,2019,2019-09-01,20.9,43,234,12.4,0,82.4948,12.7324,298.9644,2.8297,23.0144,5.039,,A
ID2,111,2019,2019-09-02,16.2,73,341,15.5,1.5,74.6898,13.564,303.5844,1.645,24.4023,2.8502,,E
ID2,111,2019,2019-09-03,10.9,66,129,10.4,1,74.9091,14.2904,307.2504,1.2872,25.6037,2.1129,,A
ID2,111,2019,2019-09-04,14,63,334,15.6,15.2,49.1336,7.3279,266.0115,0.3233,13.7114,0.2329,,A
ID2,111,2019,2019-09-05,14.4,69,293,2.6,0.8,61.463,8.1834,270.3075,0.5087,15.2152,0.3898,,A
ID2,111,2019,2019-09-06,14,89,189,6,0.3,66.4254,8.4791,274.5315,0.7529,15.7427,0.5889,,A
ID2,111,2019,2019-09-07,13,92,333,8.3,3.5,40.9958,5.5296,272.2328,0.0635,10.5248,0.0394,,A
ID2,111,2019,2019-09-08,10.3,62,352,12.4,7.3,42.1792,3.22,257.5923,0.0966,6.2449,0.0459,,E
ID2,111,2019,2019-09-09,16.5,45,183,7.1,0,70.4987,4.9434,262.2663,0.9092,9.4419,0.5318,,A
ID2,111,2019,2019-09-10,9.5,97,149,17.6,0.3,70.8492,5,265.6803,1.5612,9.5507,0.9188,,A
ID2,111,2019,2019-09-11,10.8,82,25,7.5,6.6,38.5377,2.5759,253.5494,0.038,5.0241,0.0164,,E
ID2,111,2019,2019-09-12,12,66,19,8.8,14.4,35.1644,1.4193,219.6215,0.0197,2.7935,0.0068,,A
ID2,111,2019,2019-09-13,12.4,66,159,19,0,62.0599,2.2365,223.5575,1.2004,4.3639,0.4876,,E
ID2,111,2019,2019-09-14,14.3,73,266,17.1,11.8,44.647,1.2066,199.5189,0.1843,2.3773,0.0601,,E
ID2,111,2019,2019-09-15,15.6,55,318,13.7,6.8,53.0392,1.3379,190.0976,0.4603,2.6296,0.1551,,A
ID2,111,2019,2019-09-16,20.7,44,238,9.7,0.5,79.006,3.5114,195.5276,1.6799,6.721,0.8272,,A
ID2,111,2019,2019-09-17,22.4,59,186,7.4,0,84.2182,5.2268,201.2636,2.751,9.8162,2.7392,,A
ID2,111,2019,2019-09-18,21.5,65,180,11.7,0,84.8033,6.6351,206.8376,3.6987,12.2849,4.4746,,A
ID2,111,2019,2019-09-19,22.1,58,219,12.1,0,85.9779,8.3699,212.5196,4.4417,15.2393,6.099,,A
ID2,111,2019,2019-09-20,21.2,71,101,4.4,0,85.5414,9.5213,218.0396,2.8349,17.1683,4.1604,,A
ID2,111,2019,2019-09-21,24.1,66,189,12.1,0,85.5459,11.0467,224.0816,4.1813,19.6693,6.6771,,A
ID2,111,2019,2019-09-22,22.5,85,236,9.8,1.5,72.7909,11.6769,229.8356,1.131,20.7219,1.2464,,A
ID2,111,2019,2019-09-23,16.1,66,71,8.3,8.4,49.6397,6.878,214.9796,0.2385,12.7372,0.1646,,A
ID2,111,2019,2019-09-24,16.2,55,284,4,0,69.8651,8.264,219.5996,0.762,15.1068,0.5814,,A
ID2,111,2019,2019-09-25,12.3,97,159,12.9,1,62.6935,8.3356,223.5176,0.9117,15.2494,0.6995,,E
ID2,111,2019,2019-09-26,13.9,72,260,14.5,9.1,45.5606,4.6348,206.6616,0.1861,8.7775,0.1047,,A
ID2,111,2019,2019-09-27,15,64,191,15.6,1.3,64.8873,5.6667,211.0656,1.1523,10.6205,0.7183,,A
ID2,111,2019,2019-09-28,10.7,54,357,13.7,7.6,51.2134,3.4712,198.2297,0.3776,6.6512,0.185,,A
ID2,111,2019,2019-09-29,11.8,46,349,5.9,0,71.0903,4.7114,202.0577,0.8729,8.9038,0.495,,A
ID2,111,2019,2019-09-30,11.3,61,148,12,0,78.841,5.5724,205.7957,1.8575,10.4382,1.55,,A
ID2,111,2019,2019-10-01,15.8,99,290,6.8,9.6,19.9365,2.3571,187.8746,0.0002,4.5709,0.0001,,E
ID2,111,2019,2019-10-02,9,59,44,13.8,2,45.19,2.0207,190.1986,0.1698,3.9369,0.0662,,A
ID2,111,2019,2019-10-03,5.2,77,90,8.5,0,57.2761,2.2403,191.8386,0.5189,4.3534,0.2106,,A
ID2,111,2019,2019-10-04,6.7,63,325,8.6,7.6,39.9778,0.9692,178.0405,0.0533,1.9125,0.0163,,E
ID2,111,2019,2019-10-05,10.1,60,166,11,0,62.4055,1.648,180.5625,0.8166,3.2225,0.295,,A
ID2,111,2019,2019-10-06,14.4,78,224,15.5,2,61.6384,1.3063,183.8585,0.9839,2.567,0.3288,,A
ID2,111,2019,2019-10-07,12.4,61,266,14.6,1.3,70.1221,2.1041,186.7945,1.3106,4.0929,0.5187,,A
ID2,111,2019,2019-10-08,13.2,56,232,9.1,1.3,73.4256,3.0575,189.8745,1.1213,5.8783,0.5184,,A
ID2,111,2019,2019-10-09,17.2,53,199,13.5,0.3,82.7429,4.3607,193.6745,3.0856,8.2567,2.8256,,A
ID2,111,2019,2019-10-10,15.2,45,178,13.9,0,86.1785,5.7191,197.1145,5.0025,10.6646,5.6116,,E
ID2,111,2019,2019-10-11,17.1,42,154,18.8,0,87.8481,7.3185,200.8965,8.1196,13.4153,9.7741,,E
ID2,111,2019,2019-10-12,6.5,95,283,10.7,9.4,26.6082,3.36,182.0684,0.0022,6.4236,0.0011,,A
ID2,111,2019,2019-10-13,5.8,92,164,15.7,1.5,30.8608,3.4436,183.8164,0.0096,6.5791,0.0047,,E
ID2,111,2019,2019-10-14,5.5,72,234,10.7,9.2,28.4654,1.4491,166.1452,0.0038,2.8363,0.0013,,A
ID2,111,2019,2019-10-15,8.9,61,267,15.2,2,49.397,1.2139,168.4512,0.3275,2.3848,0.1069,,A
ID2,111,2019,2019-10-16,5,95,73,14.4,3.6,29.5467,0.1315,164.9352,0.0063,0.2624,0.0014,,A
ID2,111,2019,2019-10-17,5.2,70,13,19.1,11.4,31.4055,0.2864,142.9322,0.0132,0.5699,0.0032,,A
ID2,111,2019,2019-10-18,3.4,79,314,13.2,0.3,46.6351,0.4296,144.2482,0.2042,0.8528,0.0521,,A
ID2,111,2019,2019-10-19,7.8,67,165,12.4,0,63.6184,0.8746,146.3562,0.9288,1.7235,0.2761,,E
ID2,111,2019,2019-10-20,7.7,75,171,10,0,71.2677,1.2079,148.4462,1.0797,2.3677,0.3517,,A
ID2,111,2019,2019-10-21,6.5,95,167,6.2,0.5,71.6379,1.2655,150.3202,0.9032,2.4788,0.2985,,A
ID2,111,2019,2019-10-22,10.6,98,164,13.6,10.2,19.259,0.0355,132.8195,0.0002,0.0709,0,,A
ID2,111,2019,2019-10-23,7.7,78,202,12.4,0.3,39.5362,0.3288,134.9095,0.0593,0.6537,0.0145,,E
ID2,111,2019,2019-10-24,5.5,76,303,15.4,0,55.7101,0.5688,136.6035,0.6459,1.1259,0.1737,,A
ID2,111,2019,2019-10-25,4.7,67,256,11.7,0,67.5443,0.8588,138.1535,1.0427,1.6913,0.3084,,A
ID2,111,2019,2019-10-26,8.1,53,180,13.9,0.3,77.7779,1.514,140.3155,1.8633,2.9484,0.6524,,E
ID2,111,2019,2019-10-27,5.6,96,103,8.9,12.2,20.0941,0.1135,118.0053,0.0002,0.2264,0,,A
ID2,111,2019,2019-10-28,8.4,81,203,7.9,2.3,30.7501,0.2735,120.2213,0.0063,0.5439,0.0015,,A
ID2,111,2019,2019-10-29,1.4,95,346,11.5,7.1,13.4636,0.0189,109.0713,0,0.0379,0,,A
ID2,111,2019,2019-10-30,5,64,259,10,0,37.2734,0.3516,110.6753,0.0332,0.6977,0.0082,,A
ID2,111,2019,2019-10-31,-0.4,93,24,9.4,0,42.0759,0.359,111.3073,0.0815,0.7123,0.0202,,A
ID2,111,2019,2019-11-01,-1.2,82,312,16.1,1.5,45.0711,0.359,110.8133,0.1872,0.7122,0.0463,,A
ID2,111,2019,2019-11-02,0.3,94,154,13.9,0.3,49.1747,0.3701,110.5713,0.2983,0.7341,0.0742,,A
ID2,111,2019,2019-11-03,1.1,77,306,14.4,2.8,43.6247,0.0671,110.4733,0.1364,0.134,0.029,,E
ID2,111,2019,2019-11-04,0.2,93,125,13.7,2.3,34.2124,0.0121,110.2133,0.0202,0.0241,0.0041,,A
ID2,111,2019,2019-11-05,1.3,88,281,12,3.5,27.5255,0.0382,105.9341,0.0031,0.0763,0.0006,,A
ID2,111,2019,2019-11-06,-1.3,58,252,14.8,1.3,43.9354,0.0382,105.4401,0.1465,0.0763,0.0304,,A
ID3,112,2019,2019-05-16,4.2,94,219,9.4,8.1,20.7549,2.7425,7.168,0.0003,2.8035,0.0001,,A
ID3,112,2019,2019-05-17,6.8,52,263,9.8,0.5,71.051,6.9983,18.628,1.061,7.2177,0.5409,,A
ID3,112,2019,2019-05-18,6,48,3,10.3,0,79.063,7.9703,22.112,1.7408,8.3848,0.9569,,A
ID3,112,2019,2019-05-19,11.1,38,42,14,0,85.2407,9.9616,26.514,4.4107,10.2735,4.8455,,A
ID3,112,2019,2019-05-20,14.9,38,349,14.3,0,87.8045,12.5732,31.6,6.4319,12.6065,7.7446,,A
ID3,112,2019,2019-05-21,18,26,318,7,0,90.7171,16.2942,37.244,6.7593,16.2505,9.2155,,A
ID3,112,2019,2019-05-22,15.7,35,110,9.4,0,90.7217,19.1691,42.474,7.6333,19.1091,11.0852,,A
ID3,112,2019,2019-05-23,5.7,97,10,9.4,6.1,31.5954,11.1454,37.686,0.0085,12.8155,0.0059,,A
ID3,112,2019,2019-05-24,14.9,42,136,8.6,0.3,65.2111,13.5885,42.772,0.8203,15.1468,0.6269,,A
ID3,112,2019,2019-05-25,11.8,92,252,16.4,6.6,32.1868,7.6805,38.1863,0.014,10.2214,0.0086,,A
ID3,112,2019,2019-05-26,7.3,48,319,12,1.3,55.1457,8.8304,41.9043,0.5177,11.5671,0.3384,,A
ID3,112,2019,2019-05-27,14,26,257,7.5,0,78.8698,11.7721,46.8283,1.4846,14.4579,1.4247,,A
ID3,112,2019,2019-05-28,19.2,21,238,23.2,0,90.8222,15.9941,52.6883,15.5216,18.1865,18.7251,,A
ID3,112,2019,2019-05-29,15,32,270,13.8,0,90.8268,18.8763,57.7923,9.672,20.7825,13.9599,,A
ID3,112,2019,2019-05-30,10.4,38,319,6.7,0,90.0334,20.7534,62.0683,6.0377,22.6083,9.9741,,A
ID3,112,2019,2019-05-31,9,65,336,10.8,0,86.3803,21.684,66.0923,4.4026,23.8258,7.8218,,A
ID3,112,2019,2019-06-01,14.1,38,224,18.4,0,88.0179,24.165,72.0343,8.1535,26.2854,13.7579,,A
ID3,112,2019,2019-06-02,8.5,72,348,10.3,1.3,75.6752,24.8727,76.9683,1.3385,27.5157,2.4015,,A
ID3,112,2019,2019-06-03,12.6,42,3,8,0.3,83.4105,26.9646,82.6403,2.5479,29.7013,5.3685,,A
ID3,112,2019,2019-06-04,16.7,35,46,11.6,0,88.0588,30.0106,89.0503,5.822,32.5756,11.8065,,A
ID3,112,2019,2019-06-05,15,48,329,9,0,88.0634,32.2147,95.1543,5.1105,34.895,11.0338,,A
ID3,112,2019,2019-06-06,22.8,32,252,21.5,0,90.7764,36.4933,102.6623,14.1547,38.6444,25.0004,,A
ID3,112,2019,2019-06-07,23.8,34,91,8.3,0,90.9037,40.8198,110.3503,7.4117,42.4151,16.4123,,A
ID3,112,2019,2019-06-08,28.9,35,215,17.1,0,91.5386,45.9535,118.9563,12.6393,46.7538,25.3564,,A
ID3,112,2019,2019-06-09,26.5,36,164,11.6,0,91.5433,50.6038,127.1303,9.5862,50.7277,21.7401,,A
ID3,112,2019,2019-06-10,18.5,40,324,12.9,3,77.2215,43.1022,130.5778,1.6958,47.2296,4.9194,,A
ID3,112,2019,2019-06-11,16.3,39,254,25.7,0,86.4144,45.8965,136.9158,9.3728,49.9406,21.2228,,A
ID3,112,2019,2019-06-12,11.8,66,347,10.3,2.8,65.4294,38.3168,142.4438,0.9013,45.8201,2.2484,,A
ID3,112,2019,2019-06-13,12.5,79,217,4.4,0.3,71.5608,39.0687,148.0978,0.8226,47.0847,2.0125,,A
ID3,112,2019,2019-06-14,13.8,68,343,10.4,8.9,47.1053,21.5668,136.9183,0.1896,30.947,0.2286,,A
ID3,112,2019,2019-06-15,9.6,75,313,11.3,0.5,62.1156,22.271,142.0503,0.8167,31.9996,1.0677,,A
ID3,112,2019,2019-06-16,18.9,30,35,9.9,0,83.8339,25.9567,148.8563,2.9644,36.153,7.0426,,A
ID3,112,2019,2019-06-17,19.4,37,62,5.9,0,88.1368,29.3568,155.7523,4.4177,39.9084,10.5642,,A
ID3,112,2019,2019-06-18,18.3,41,321,9.5,0,88.5455,32.3701,162.4503,5.6161,43.2134,13.399,,A
ID3,112,2019,2019-06-19,20.7,31,30,9.9,0,90.5386,36.3301,169.5803,7.626,47.3175,17.7585,,A
ID3,112,2019,2019-06-20,22.7,33,63,9.9,0,90.8741,40.5281,177.0703,8.0001,51.5558,19.2397,,A
ID3,112,2019,2019-06-21,22,36,94,6.4,0,90.8787,44.4202,184.4343,6.711,55.452,17.5689,,A
ID3,112,2019,2019-06-22,23.7,33,191,7.2,0,91.0706,48.7946,192.1043,7.1807,59.6876,19.2027,,A
ID3,112,2019,2019-06-23,25.8,37,189,10.8,0,91.0753,53.2562,200.1523,8.6147,63.9639,22.694,,A
ID3,112,2019,2019-06-24,14.6,97,66,7.7,20.3,18.7818,22.2543,158.555,0.0001,32.9476,0.0001,,A
ID3,112,2019,2019-06-25,15.1,92,278,9.6,3.8,21.4422,15.8926,159.2019,0.0004,25.437,0.0004,,A
ID3,112,2019,2019-06-26,18.6,81,285,12.8,2.8,41.0337,13.0629,165.9539,0.0803,21.83,0.0769,,A
ID3,112,2019,2019-06-27,22,49,260,12.5,13.5,58.8811,9.0135,144.7496,0.714,15.5987,0.5553,,A
ID3,112,2019,2019-06-28,25.6,36,271,13.4,0,85.8153,13.5122,152.7616,4.6355,22.1306,7.8491,,A
ID3,112,2019,2019-06-29,20.9,55,306,9.3,0,86.4351,16.1185,159.9276,4.1138,25.7492,7.7033,,A
ID3,112,2019,2019-06-30,24.4,49,194,11.4,0,87.9298,19.5423,167.7236,5.6581,30.2679,11.0806,,A
ID3,112,2019,2019-07-01,26,32,268,17.2,0,91.2945,23.8702,176.1076,12.2701,35.6576,21.7362,,A
ID3,112,2019,2019-07-02,27.8,30,257,14,0,92.3051,28.6213,184.8156,12.0498,41.2661,23.058,,A
ID3,112,2019,2019-07-03,22.9,41,276,10.6,0,91.2709,31.9469,192.6416,8.7691,45.1677,19.2091,,A
ID3,112,2019,2019-07-04,18.1,95,199,3,7.4,31.0716,17.5952,184.3734,0.0054,28.4119,0.0061,,A
ID3,112,2019,2019-07-05,24.2,36,286,12.1,0,77.3088,21.398,192.4334,1.6397,33.4869,3.665,,A
ID3,112,2019,2019-07-06,19.8,38,320,7.4,0,86.4765,24.4413,199.7014,3.7601,37.43,8.883,,A
ID3,112,2019,2019-07-07,22.6,41,267,6.4,0,88.7604,27.7253,207.4734,4.9545,41.5646,11.8703,,A
ID3,112,2019,2019-07-08,27.3,35,220,13.2,0,91.0349,32.0607,216.0914,9.6664,46.7727,20.9848,,A
ID3,112,2019,2019-07-09,22.3,72,207,3.7,0,86.5746,33.5995,223.8094,3.1642,48.8608,8.9935,,A
ID3,112,2019,2019-07-10,23.7,68,272,8,2.5,72.7177,29.8799,231.7794,1.0299,45.1943,2.6733,,A
ID3,112,2019,2019-07-11,21.4,44,291,6.1,3.3,71.3466,25.3989,234.2065,0.8895,39.9632,1.8938,,A
ID3,112,2019,2019-07-12,21.9,76,256,14.9,1.5,72.7573,26.6953,241.8525,1.4604,41.8439,3.827,,A
ID3,112,2019,2019-07-13,23.2,45,333,13.6,9.4,68.5655,16.4708,226.861,1.1861,27.881,2.0301,,A
ID3,112,2019,2019-07-14,25.5,48,219,10.2,0,84.7875,19.7193,235.155,3.422,32.6036,7.5239,,A
ID3,112,2019,2019-07-15,29.4,57,175,8.8,0,87.211,22.7994,244.151,4.4786,36.9684,10.2252,,A
ID3,112,2019,2019-07-16,19.7,66,278,18.5,9.7,60.1907,12.9829,227.5503,1.0522,22.7244,1.1952,,A
ID3,112,2019,2019-07-17,24.1,47,109,6,0,81.3656,16.1196,235.5923,1.7887,27.5301,3.48,,A
ID3,112,2019,2019-07-18,23,70,206,14.1,9.7,58.8554,9.6637,220.0761,0.7726,17.4156,0.6425,,A
ID3,112,2019,2019-07-19,25.3,53,255,20.8,6.4,71.823,7.974,214.773,1.8974,14.5935,2.2317,,A
ID3,112,2019,2019-07-20,19.6,64,278,9.6,1,77.3216,9.7241,222.005,1.447,17.5288,1.7155,,A
ID3,112,2019,2019-07-21,18.3,38,285,13.7,2,79.2865,10.8813,229.003,2.1109,19.4518,3.2453,,A
ID3,112,2019,2019-07-22,21.7,43,319,15.6,0,87.1371,13.9335,236.613,6.2429,24.2909,10.6585,,A
ID3,112,2019,2019-07-23,24.5,46,308,9.3,0,88.4974,17.1802,244.727,5.5216,29.2303,10.6541,,A
ID3,112,2019,2019-07-24,25.7,49,226,10.4,6.9,72.0576,12.6607,237.199,1.1331,22.3403,1.4204,,A
ID3,112,2019,2019-07-25,27.6,43,222,18.1,0.5,87.791,16.5027,245.871,7.7744,28.2629,13.763,,A
ID3,112,2019,2019-07-26,21.1,85,185,8.5,0.3,82.9747,17.2848,253.373,2.47,29.5328,5.1848,,A
ID3,112,2019,2019-07-27,22.5,68,253,6.9,9.7,54.5593,10.3389,236.7367,0.3794,18.6424,0.3291,,A
ID3,112,2019,2019-07-28,28.2,44,249,12.1,0,84.3282,14.1924,245.5167,3.5382,24.8007,6.5639,,A
ID3,112,2019,2019-07-29,22.5,71,316,7,8.6,54.2088,8.7978,232.4806,0.3688,16.0747,0.2921,,A
ID3,112,2019,2019-07-30,17.2,42,304,14.1,2,72.1943,9.6933,239.2806,1.3724,17.6039,1.5555,,A
ID3,112,2019,2019-07-31,23.2,34,249,14.8,0,87.8454,13.4599,247.1606,6.6349,23.694,11.0569,,A
ID3,112,2019,2019-08-01,26.3,47,211,11.6,0,88.7608,16.4579,254.8986,6.4389,28.3411,11.873,,A
ID3,112,2019,2019-08-02,24.7,49,1,8.5,0,88.7654,19.1743,262.3486,5.5114,32.4242,11.265,,A
ID3,112,2019,2019-08-03,23.9,42,261,7.4,0,89.298,22.1678,269.6546,5.6286,36.7771,12.2821,,A
ID3,112,2019,2019-08-04,24.7,65,185,11.8,2.8,74.8799,19.247,277.1046,1.3791,32.7988,2.9267,,A
ID3,112,2019,2019-08-05,24,44,248,15,1.5,83.1157,22.1488,284.4286,3.4898,37.0791,8.2787,,A
ID3,112,2019,2019-08-06,24.2,44,237,19,0.3,88.2783,25.0737,291.7886,8.7234,41.2795,18.2687,,A
ID3,112,2019,2019-08-07,21.5,53,254,17.6,0.3,88.2829,27.2666,298.6626,8.1346,44.3995,18.0176,,A
ID3,112,2019,2019-08-08,18.3,62,260,17.7,0,86.8964,28.7885,304.9606,6.7061,46.5833,15.9969,,A
ID3,112,2019,2019-08-09,17.1,63,287,15.2,1,81.8035,30.1787,311.0426,2.9944,48.575,8.5444,,A
ID3,112,2019,2019-08-10,24.8,39,270,10.2,0,88.7627,33.4403,318.5106,6.002,52.9759,15.7647,,A
ID3,112,2019,2019-08-11,21.1,38,280,15.6,0,89.5424,36.2818,325.3126,8.812,56.7425,21.6811,,A
ID3,112,2019,2019-08-12,21.2,36,289,11.5,0,89.9983,39.2282,332.1326,7.6513,60.5712,20.265,,A
ID3,112,2019,2019-08-13,17,56,354,9.4,0,88.0678,40.8723,338.1966,5.2178,62.7774,15.5577,,A
ID3,112,2019,2019-08-14,21.3,29,238,9.2,0,90.8809,44.1556,345.0346,7.7303,66.9057,21.5066,,A
ID3,112,2019,2019-08-15,23.5,42,244,17.9,0,90.8833,47.1012,352.2686,11.9878,70.6021,29.9833,,A
ID3,112,2019,2019-08-16,19.4,81,204,8.6,3.8,58.8843,35.0953,349.916,0.5867,56.1192,1.3278,,A
ID3,112,2019,2019-08-17,26.3,48,197,12,0,83.3233,38.0367,357.654,3.0817,60.0955,9.975,,A
ID3,112,2019,2019-08-18,19.7,81,217,12.3,0,83.0223,38.8526,364.204,3.0096,61.3448,9.902,,A
ID3,112,2019,2019-08-19,19.7,68,239,12.4,3.8,65.5598,29.4565,361.6404,1.0069,48.946,2.7952,,A
ID3,112,2019,2019-08-20,19.1,52,276,13.9,0,81.2715,31.4582,368.0824,2.6345,51.8401,7.9535,,A
ID3,112,2019,2019-08-21,13.5,75,330,9,1,76.4168,32.2117,373.5164,1.315,52.9973,4.1013,,A
ID3,112,2019,2019-08-22,16.1,62,355,9.7,0.3,81.7578,33.561,379.4184,2.2573,54.967,7.1894,,A
ID3,112,2019,2019-08-23,17.5,49,337,5.7,0,85.4195,35.5194,385.5724,2.976,57.7408,9.4528,,A
ID3,112,2019,2019-08-24,21.7,47,206,10.4,0,87.5785,38.0141,392.4824,5.1163,61.2075,15.1128,,A
ID3,112,2019,2019-08-25,22.9,44,203,14,0,88.6716,40.7887,399.6084,7.1743,64.9927,20.0734,,A
ID3,112,2019,2019-08-26,21.2,59,200,11.9,0,87.7711,42.6762,406.4284,5.6721,67.6055,17.2537,,A
ID3,112,2019,2019-08-27,16.8,93,183,4.7,6.1,36.1007,26.2068,392.3456,0.0197,44.9135,0.0308,,A
ID3,112,2019,2019-08-28,12.8,88,260,18,4.1,34.3642,18.3344,386.6103,0.026,32.7822,0.0325,,A
ID3,112,2019,2019-08-29,13,92,279,6.3,5.1,22.4985,11.5026,376.908,0.0005,21.3745,0.0004,,A
ID3,112,2019,2019-08-30,11.8,80,281,13.4,2,38.9725,10.2375,382.036,0.0559,19.1894,0.0493,,A
ID3,112,2019,2019-08-31,18.1,42,220,5.9,0,70.3699,12.5365,388.298,0.8523,23.2004,0.8494,,A
ID3,112,2019,2019-09-01,14,93,248,10.4,6.3,32.2123,7.0531,372.46,0.0104,13.4687,0.0075,,A
ID3,112,2019,2019-09-02,10.8,49,296,12.7,1.8,56.4034,7.0317,376.108,0.5979,13.4354,0.4257,,A
ID3,112,2019,2019-09-03,13.6,48,71,7.8,0,74.8571,8.3926,380.26,1.126,15.9075,0.8862,,A
ID3,112,2019,2019-09-04,16.3,47,261,18.1,0,84.1829,10.0344,384.898,4.6946,18.8409,7.2448,,A
ID3,112,2019,2019-09-05,15.1,50,132,5.5,2.8,69.0998,8.595,389.32,0.8021,16.2909,0.6404,,A
ID3,112,2019,2019-09-06,13.4,57,144,6.4,0,78.4513,9.7051,393.436,1.3522,18.2826,1.5829,,A
ID3,112,2019,2019-09-07,10.1,87,27,8.5,8.1,34.3255,5.0317,369.2374,0.0159,9.7318,0.0095,,A
ID3,112,2019,2019-09-08,13,60,254,9.1,0,60.2782,6.0358,373.2814,0.6588,11.6026,0.4313,,A
ID3,112,2019,2019-09-09,17.1,54,152,4.5,0,75.9662,7.5263,378.0634,1.0176,14.339,0.7528,,A
ID3,112,2019,2019-09-10,9.1,94,44,12.2,2,55.1817,6.1393,381.4054,0.5246,11.8036,0.3469,,A
ID3,112,2019,2019-09-11,9.5,61,46,8.2,0,69.6809,6.8753,384.8194,0.9361,13.1627,0.6586,,A
ID3,112,2019,2019-09-12,13,47,49,8.2,0,80.4938,8.2058,388.8634,1.8117,15.5891,2.2091,,A
ID3,112,2019,2019-09-13,9.6,96,86,6.9,30,15.277,3.3087,285.0709,0,6.4307,0,,A
ID3,112,2019,2019-09-14,11.9,71,297,13.9,8.6,33.9429,1.7816,266.0266,0.0191,3.5046,0.0071,,A
ID3,112,2019,2019-09-15,16.5,58,189,9,0,63.488,3.0976,270.7006,0.7779,6.023,0.3637,,A
ID3,112,2019,2019-09-16,17.9,82,211,7.7,0,71.7035,3.7065,275.6266,0.9764,7.1719,0.4961,,A
ID3,112,2019,2019-09-17,18,89,128,5.3,0,74.0625,4.0806,280.5706,0.9533,7.8748,0.5075,,A
ID3,112,2019,2019-09-18,19.8,90,170,12.5,10.2,35.1118,1.8653,258.2463,0.0234,3.6645,0.0089,,A
ID3,112,2019,2019-09-19,16.7,86,286,11.5,0.3,51.9496,2.309,262.9563,0.367,4.5187,0.1512,,A
ID3,112,2019,2019-09-20,15.5,76,139,6.6,0,65.9344,3.0183,267.4503,0.7624,5.871,0.3523,,A
ID3,112,2019,2019-09-21,22.3,81,174,13.6,0,75.5934,3.8098,273.1683,1.5729,7.363,0.8097,,A
ID3,112,2019,2019-09-22,14.6,93,299,8,14.5,23.7999,1.4685,237.6069,0.0008,2.8923,0.0003,,A
ID3,112,2019,2019-09-23,15.1,69,275,4.8,0,48.4793,2.3626,242.0289,0.1724,4.6126,0.0716,,A
ID3,112,2019,2019-09-24,21.4,49,197,13,0,77.6749,4.4056,247.5849,1.7659,8.4359,0.9737,,A
ID3,112,2019,2019-09-25,12.6,79,255,12.7,7.9,43.799,2.2719,232.6826,0.1289,4.4355,0.0527,,E
ID3,112,2019,2019-09-26,12.2,50,252,18.8,1.5,65.9438,3.4558,236.5826,1.4102,6.6682,0.6918,,A
ID3,112,2019,2019-09-27,7,71,347,9.8,14,34.668,1.5116,204.3349,0.0184,2.9683,0.0065,,A
ID3,112,2019,2019-09-28,5.4,56,256,12.8,0,57.3978,2.0208,207.0109,0.6506,3.9453,0.2537,,A
ID3,112,2019,2019-09-29,5.9,50,340,5.2,0,70.5188,2.6439,209.7769,0.8267,5.1263,0.3595,,A
ID3,112,2019,2019-09-30,2.9,96,78,8.3,10.9,19.037,0.7257,186.9399,0.0001,1.4375,0,,A
ID3,112,2019,2019-10-01,4.3,90,38,6.3,6.1,14.8236,0.0818,176.6771,0,0.1635,0,,A
ID3,112,2019,2019-10-02,2.6,70,48,8,0.3,33.5351,0.25,177.8491,0.0129,0.4982,0.003,,A
ID3,112,2019,2019-10-03,2.9,69,26,5.7,0,48.6253,0.4379,179.0751,0.1838,0.8704,0.0471,,A
ID3,112,2019,2019-10-04,9.4,54,262,8,0.3,67.3915,1.1697,181.4711,0.8609,2.3024,0.278,,E
ID3,112,2019,2019-10-05,7,78,161,9.5,0,72.6761,1.4397,183.4351,1.1089,2.824,0.3826,,A
ID3,112,2019,2019-10-06,7.9,76,255,23.3,8.1,44.4622,0.3959,168.9318,0.2446,0.7871,0.0615,,A
ID3,112,2019,2019-10-07,9.2,71,271,12.4,2.5,50.0298,0.4526,171.2918,0.3076,0.8992,0.0792,,A
ID3,112,2019,2019-10-08,17.2,42,176,15.8,0.3,77.7195,2.0608,175.0918,2.0408,4.0039,0.8006,,A
ID3,112,2019,2019-10-09,16.4,54,194,10.6,0,83.5031,3.2805,178.7478,2.9399,6.2732,2.1911,,A
ID3,112,2019,2019-10-10,17.1,55,151,7,0,85.2053,4.5214,182.5298,3.0845,8.5156,2.8827,,A
ID3,112,2019,2019-10-11,11.4,93,102,6.4,0.8,77.5904,4.654,185.2858,1.2577,8.758,0.7071,,A
ID3,112,2019,2019-10-12,5.2,75,169,5.9,26.4,27.8736,1.8497,127.0632,0.0025,3.5695,0.0009,,A
ID3,112,2019,2019-10-13,1,89,346,7.5,1.5,30.3829,1.8847,127.9472,0.0056,3.6355,0.0021,,A
ID3,112,2019,2019-10-14,3.6,90,276,10.8,2.5,28.45,0.8221,129.2992,0.0038,1.6184,0.0011,,A
ID3,112,2019,2019-10-15,5.9,75,333,6.8,0.5,44.7138,1.0873,131.0652,0.1108,2.1303,0.035,,A
ID3,112,2019,2019-10-16,3.7,77,341,9.6,0,56.6443,1.2546,132.4352,0.5216,2.4511,0.1718,,A
ID3,112,2019,2019-10-17,2.7,67,310,6.9,0.3,66.3274,1.4446,133.6252,0.7851,2.8132,0.2705,,A
ID3,112,2019,2019-10-18,7.9,58,140,11.1,0,76.0187,2.0173,135.7512,1.4238,3.8902,0.5523,,A
ID3,112,2019,2019-10-19,11.5,68,192,10.3,0,79.8779,2.6282,138.5252,1.8869,5.0184,0.813,,A
ID3,112,2019,2019-10-20,11,61,247,13.3,2.3,68.477,2.1393,141.2092,1.165,4.1225,0.4624,,A
ID3,112,2019,2019-10-21,8,87,96,4.5,0,71.0155,2.3185,143.3532,0.8114,4.4569,0.3324,,A
ID3,112,2019,2019-10-22,9,96,110,3.8,17.3,15.4478,0.5361,110.4078,0,1.0594,0,,A
ID3,112,2019,2019-10-23,1.7,92,269,15.5,6.3,13.7487,0.0339,101.2769,0,0.0678,0,,A
ID3,112,2019,2019-10-24,-0.1,78,287,0,0.5,20.4222,0.0672,101.9629,0.0002,0.1342,0,,A
ID3,112,2019,2019-10-25,3.8,69,207,9.3,0.3,40.2443,0.2974,103.3509,0.0581,0.5905,0.014,,A
ID3,112,2019,2019-10-26,11.5,50,182,13,0,66.7956,1.252,106.1249,1.0854,2.4322,0.3565,,A
ID3,112,2019,2019-10-27,4.6,74,281,9,0,72.4851,1.4766,107.6569,1.0732,2.8552,0.3716,,A
ID3,112,2019,2019-10-28,2,55,255,15.1,0,78.2725,1.688,108.7209,2.0636,3.2498,0.7479,,A
ID3,112,2019,2019-10-29,2.1,49,208,10.8,0,81.5935,1.9353,109.8029,2.3398,3.7072,0.8908,,A
ID3,112,2019,2019-10-30,-3.1,49,250,21.1,0,82.7539,1.9353,110.0029,4.5316,3.7075,2.9173,,A
ID3,112,2019,2019-10-31,-2.7,52,325,5.6,0,83.0267,1.9353,110.5089,2.1484,3.7082,0.818,,A
